farm_id,lat,lon,crop_type,country_iso2
osm_relation_11595411,-1.7002424560686331,102.89892978272928,Oil Palm,ID
osm_relation_11597713,-1.698574510689414,102.9072420749688,Oil Palm,ID
osm_relation_13925894,-1.9075440145728928,101.2949035725187,Oil Palm,ID
osm_relation_13936077,-2.000197206148872,101.36528950219407,Oil Palm,ID
osm_relation_13936079,-1.99360301995108,101.38356068535812,Oil Palm,ID
osm_relation_17015807,-2.187718384321601,101.5060029318397,Oil Palm,ID
osm_relation_17306925,-1.9422804389674548,101.33088568150792,Oil Palm,ID
osm_way_222415626,-2.0919972147695685,101.4138099898643,Oil Palm,ID
osm_way_222846396,-2.094850329717693,101.41489132132529,Oil Palm,ID
osm_way_275452213,-1.3145220223555028,102.10446362802293,Oil Palm,ID
osm_way_361370799,-1.1022498077550364,102.12638694537604,Oil Palm,ID
osm_way_402351647,-1.906416684683664,101.29599548951622,Oil Palm,ID
osm_way_403062366,-1.9357353508002428,101.32780802280612,Oil Palm,ID
osm_way_403062368,-1.9260070480578275,101.3196630821579,Oil Palm,ID
osm_way_549536190,-1.706593450556081,103.27126434241568,Oil Palm,ID
osm_way_553474249,-1.67761574698307,102.87174127096269,Oil Palm,ID
osm_way_553474253,-1.6998130382126235,102.87630815203424,Oil Palm,ID
osm_way_840781093,-1.5385161282469684,103.54069829190097,Oil Palm,ID
osm_way_840781113,-1.5238514517512065,103.539749366327,Oil Palm,ID
osm_way_845549411,-1.6723525655089229,102.8795886834614,Oil Palm,ID
osm_way_876461238,-1.7405629790560413,103.69954507630229,Oil Palm,ID
osm_way_876461816,-1.737575806755456,103.70122904207886,Oil Palm,ID
osm_way_925448968,-1.7116120142648008,103.2709219176984,Oil Palm,ID
osm_way_925448969,-1.7126221829976476,103.26997951475396,Oil Palm,ID
osm_way_970313187,-1.5374451434445202,103.55692609023812,Oil Palm,ID
osm_way_970313188,-1.536789760480638,103.54671663620924,Oil Palm,ID
osm_way_1013629879,-1.6018552598414129,103.38560136928434,Oil Palm,ID
osm_way_1040457639,-1.926292132298652,101.32123905118776,Oil Palm,ID
osm_way_1040457641,-1.9278170017027183,101.31956999487537,Oil Palm,ID
osm_way_1040476766,-1.907736057825402,101.29279629047812,Oil Palm,ID
osm_way_1040791895,-1.8374122437806093,101.23448727272688,Oil Palm,ID
osm_way_1041076877,-1.7564264500000013,101.3105014,Oil Palm,ID
osm_way_1041394250,-1.989269116967852,101.36604947615534,Oil Palm,ID
osm_way_1041394251,-1.9851230493943568,101.3801865332257,Oil Palm,ID
osm_way_1041394252,-1.9786120536998475,101.37984551186408,Oil Palm,ID
osm_way_1041394297,-1.996075364257192,101.39917283504698,Oil Palm,ID
osm_way_1041394298,-1.9857259689954472,101.38865194168812,Oil Palm,ID
osm_way_1109201695,-1.1084396044105913,103.6886009195992,Oil Palm,ID
osm_way_1109201697,-1.1092138837297725,103.6857979103112,Oil Palm,ID
osm_way_1109201698,-1.1084011455863183,103.68301068532176,Oil Palm,ID
osm_way_1109201700,-1.1083824811653888,103.67877415564648,Oil Palm,ID
osm_way_1112656307,-1.2520364311036731,103.077410824551,Oil Palm,ID
osm_way_1153279847,-1.53243022953731,103.90959367934344,Oil Palm,ID
osm_way_1153279848,-1.5187415595739475,103.91054052683327,Oil Palm,ID
osm_way_1153279849,-1.5308058520791783,103.91409048225368,Oil Palm,ID
osm_way_1153279850,-1.5242787934881996,103.91581381565064,Oil Palm,ID
osm_way_1153279853,-1.533783715555889,103.9139057878068,Oil Palm,ID
osm_way_1201643746,-1.988783747099732,101.34983612172034,Oil Palm,ID
osm_way_1238318803,-2.070132548284869,101.47887488829728,Oil Palm,ID
osm_way_1238318804,-2.0722837933686256,101.47955437067527,Oil Palm,ID
osm_way_1238999540,-2.195305483358713,101.51393018856432,Oil Palm,ID
osm_way_1240170762,-1.891870783018497,101.29936871250877,Oil Palm,ID
osm_way_1240170763,-1.8914091749787447,101.29749846522456,Oil Palm,ID
osm_way_1240170764,-1.8883123934389896,101.29777386074902,Oil Palm,ID
osm_way_1240170765,-1.890619135447145,101.29702097670294,Oil Palm,ID
osm_way_1240170766,-1.8903708853286296,101.30036009078088,Oil Palm,ID
osm_way_1240170808,-1.8936993381148304,101.29821114044177,Oil Palm,ID
osm_way_1240675354,-1.9113285882726387,101.291549920412,Oil Palm,ID
osm_way_1240678341,-2.089485548737848,101.43539690907924,Oil Palm,ID
osm_way_1240941768,-1.899046071936351,101.30190876262805,Oil Palm,ID
osm_way_1240941770,-1.9011472981959343,101.29904626976408,Oil Palm,ID
osm_way_1240941771,-1.8994905497606849,101.2982420450528,Oil Palm,ID
osm_way_1240949292,-1.90507220786756,101.29596444678408,Oil Palm,ID
osm_way_1240949293,-1.9045468178555167,101.29888232026975,Oil Palm,ID
osm_way_1240949294,-1.903881914744296,101.29784148586506,Oil Palm,ID
osm_way_1240950810,-1.9045954738438808,101.3015531900176,Oil Palm,ID
osm_way_1240953015,-1.910339375785009,101.30177627065484,Oil Palm,ID
osm_way_1240954778,-1.9088034185082008,101.29760567101933,Oil Palm,ID
osm_way_1243387301,-2.0112096713042464,101.35855742314672,Oil Palm,ID
osm_way_1243389665,-2.2619567584427074,101.54297476344875,Oil Palm,ID
osm_way_1243465383,-2.104880196441986,101.42626909914652,Oil Palm,ID
osm_way_1243465384,-2.105633656772891,101.43139488789774,Oil Palm,ID
osm_way_1243465385,-2.105226836445401,101.42846171959684,Oil Palm,ID
osm_way_1243465386,-2.099347155082228,101.42646672208672,Oil Palm,ID
osm_way_1243465387,-2.090323754832889,101.41257782367138,Oil Palm,ID
osm_way_1243465388,-2.091766683736567,101.41273085609782,Oil Palm,ID
osm_way_1243465389,-2.0926400171682484,101.41314945033108,Oil Palm,ID
osm_way_1243465390,-2.096042398797488,101.4191421001208,Oil Palm,ID
osm_way_1243465391,-2.097470981928925,101.41954267066596,Oil Palm,ID
osm_way_1243465392,-2.08799403725082,101.4193938661044,Oil Palm,ID
osm_way_1243465393,-2.091543452398954,101.4136443989685,Oil Palm,ID
osm_way_1243465394,-2.09091490705434,101.41341219173502,Oil Palm,ID
osm_way_1243465395,-2.101636804366455,101.41796870893604,Oil Palm,ID
osm_way_1243465396,-2.0869971097600177,101.41071824929608,Oil Palm,ID
osm_way_1243465397,-2.093546920441049,101.4118764409168,Oil Palm,ID
osm_way_1243601161,-2.1869198811526487,101.6286840008953,Oil Palm,ID
osm_way_1243601162,-2.181591550805061,101.63031766375131,Oil Palm,ID
osm_way_1243601163,-2.1765370506839856,101.63282981381136,Oil Palm,ID
osm_way_1243601169,-2.184288003594505,101.63387463938894,Oil Palm,ID
osm_way_1243601170,-2.186090360278145,101.63224992006948,Oil Palm,ID
osm_way_1243601171,-2.177869521842747,101.62945265251844,Oil Palm,ID
osm_way_1251526826,-2.198955626526152,101.65341965356232,Oil Palm,ID
osm_way_1251526827,-2.200153481497429,101.65372178894808,Oil Palm,ID
osm_way_1251526828,-2.197987492290997,101.6530364962806,Oil Palm,ID
osm_way_1251526829,-2.1962941165008547,101.65249405196832,Oil Palm,ID
osm_way_1262656776,-1.8183197131209123,101.27648833756412,Oil Palm,ID
osm_way_1262656777,-1.8190859530396264,101.2771904030838,Oil Palm,ID
osm_way_1262664093,-1.813851260035876,101.28145066674672,Oil Palm,ID
osm_way_1262664094,-1.8137131409507847,101.28205502529876,Oil Palm,ID
osm_way_1262664095,-1.8157816266006568,101.27864800527472,Oil Palm,ID
osm_way_1262664096,-1.8155688451238887,101.2793869035106,Oil Palm,ID
osm_way_1262664097,-1.8152207761349743,101.2787261584211,Oil Palm,ID
osm_way_1262664098,-1.81735123955148,101.2804539835248,Oil Palm,ID
osm_way_1262664099,-1.8167884083044832,101.2788342974088,Oil Palm,ID
osm_way_1262664100,-1.8171462465271533,101.27927063819274,Oil Palm,ID
osm_way_1262664101,-1.817504413938434,101.27864990948468,Oil Palm,ID
osm_way_1262664102,-1.8178929353578377,101.27828986985772,Oil Palm,ID
osm_way_1262664103,-1.8178951417547424,101.2785448914569,Oil Palm,ID
osm_way_1262667644,-2.198298628186236,101.55863458454134,Oil Palm,ID
osm_way_1262667645,-2.1995552401739777,101.55831967663843,Oil Palm,ID
osm_way_1262667646,-2.198350046200082,101.55795432179607,Oil Palm,ID
osm_way_1262668043,-1.8206304661017296,101.28063804277248,Oil Palm,ID
osm_way_1262668044,-1.819264820643932,101.28044395342882,Oil Palm,ID
osm_way_1262668045,-1.8191342523605256,101.28111771697392,Oil Palm,ID
osm_way_1262668046,-1.8189411763804588,101.2813969805479,Oil Palm,ID
osm_way_1262668047,-1.8167997919720555,101.2817032474888,Oil Palm,ID
osm_way_1262668048,-1.81754097114299,101.28193445770732,Oil Palm,ID
osm_way_1262668049,-1.817490859148721,101.28263248665458,Oil Palm,ID
osm_way_1262668050,-1.8149536208735428,101.2824009841914,Oil Palm,ID
osm_way_1262668051,-1.8147542729424044,101.28229243394146,Oil Palm,ID
osm_way_1262668052,-1.813721416029608,101.27899574761116,Oil Palm,ID
osm_way_1262668053,-1.8142654779753948,101.27922225550958,Oil Palm,ID
osm_way_1274603919,-2.0623795893605523,101.48404685379435,Oil Palm,ID
osm_way_1274603920,-2.058027418341837,101.48551608769708,Oil Palm,ID
osm_way_1274603922,-2.0606554333486167,101.48807495759918,Oil Palm,ID
osm_way_1274603926,-2.056601157853024,101.4830010420278,Oil Palm,ID
osm_way_1280734043,-2.066762751031705,101.4729506744114,Oil Palm,ID
osm_way_1280952814,-1.7172952028182829,101.3404441911039,Oil Palm,ID
osm_way_1280955338,-1.7144686758466303,101.3425121564507,Oil Palm,ID
osm_way_1280956050,-1.7151421026788156,101.34239100944072,Oil Palm,ID
osm_way_1290973807,-1.7416608595885306,101.3702662995686,Oil Palm,ID
osm_way_1317844383,-2.241414859922211,101.54386194977172,Oil Palm,ID
osm_way_1322910501,-2.1794879060853365,101.61317244964717,Oil Palm,ID
osm_way_1322918568,-2.186800713164065,101.5896438619081,Oil Palm,ID
osm_way_1323001553,-1.7725143533761794,101.29927226904748,Oil Palm,ID
osm_way_1323001554,-1.772341309502561,101.3001535733113,Oil Palm,ID
osm_way_1327624936,-1.7547581012724516,101.2307988019,Oil Palm,ID
osm_way_1327624946,-1.7560603453542505,101.23096655082531,Oil Palm,ID
osm_way_1327624947,-1.756232354104781,101.2309579899328,Oil Palm,ID
osm_relation_4203659,0.5664784181637016,101.43863061238908,Oil Palm,ID
osm_relation_18817339,0.4540778286719786,101.43103938513433,Oil Palm,ID
osm_way_287837481,0.479227712637674,101.38234537574878,Oil Palm,ID
osm_way_313276788,0.5681714573021028,101.43822674217635,Oil Palm,ID
osm_way_313280033,0.5644516520825168,101.43711418275078,Oil Palm,ID
osm_way_313280449,0.5659053821686717,101.4354543316182,Oil Palm,ID
osm_way_314093286,0.486517840841803,101.47084850114383,Oil Palm,ID
osm_way_327530278,0.4792325126376741,101.38250217574875,Oil Palm,ID
osm_way_327530279,0.4792554126376713,101.38296097574882,Oil Palm,ID
osm_way_327530280,0.4789103126376741,101.38298477574877,Oil Palm,ID
osm_way_327530281,0.4792585126376741,101.38311117574877,Oil Palm,ID
osm_way_327530282,0.478897812637674,101.38281177574876,Oil Palm,ID
osm_way_327530283,0.478915412637674,101.38312917574878,Oil Palm,ID
osm_way_327530284,0.4788844126376741,101.38251417574878,Oil Palm,ID
osm_way_327530285,0.479252312637674,101.38280937574878,Oil Palm,ID
osm_way_327530286,0.479244912637674,101.38265067574876,Oil Palm,ID
osm_way_327530288,0.4788928126376739,101.38266747574878,Oil Palm,ID
osm_way_327530289,0.478879412637674,101.3823697757488,Oil Palm,ID
osm_way_466257521,0.5525409741349142,101.42471306185318,Oil Palm,ID
osm_way_466257522,0.5690182371563657,101.37406757588144,Oil Palm,ID
osm_way_466257527,0.5486588556499962,101.40676196370336,Oil Palm,ID
osm_way_466257530,0.5491041368693002,101.4041672921904,Oil Palm,ID
osm_way_466257534,0.5546584161705567,101.39599840157372,Oil Palm,ID
osm_way_466257537,0.5525529806899925,101.39518570506829,Oil Palm,ID
osm_way_466257541,0.5552778151786822,101.40051612537252,Oil Palm,ID
osm_way_466257550,0.5069302755440335,101.3761696610481,Oil Palm,ID
osm_way_466257551,0.503796358305117,101.38352217422106,Oil Palm,ID
osm_way_466257553,0.4968851745839721,101.38874237658756,Oil Palm,ID
osm_way_466257555,0.4924147630415577,101.39637492187828,Oil Palm,ID
osm_way_466257556,0.4868743499999985,101.38362735,Oil Palm,ID
osm_way_1114723693,0.6337224135297266,101.39205104940665,Oil Palm,ID
osm_way_1114723694,0.6339502805382705,101.39283236908896,Oil Palm,ID
osm_way_1118591188,0.4813713158536505,101.42651489693388,Oil Palm,ID
osm_way_1251979517,0.4445452041548693,101.43661520100262,Oil Palm,ID
osm_way_1251979518,0.4472493674976138,101.43748523379284,Oil Palm,ID
osm_way_1363008902,0.4448569330405007,101.4317451000263,Oil Palm,ID
osm_way_1363047602,0.4435194508167925,101.43233398176991,Oil Palm,ID
osm_way_1363047603,0.4433291277281518,101.43261786224755,Oil Palm,ID
osm_way_1363047604,0.4433839161299911,101.43279654831817,Oil Palm,ID
osm_way_1363047605,0.4431829223990329,101.43238742271086,Oil Palm,ID
osm_way_1363316130,0.4370726382463433,101.42977692074976,Oil Palm,ID
osm_way_1363316210,0.4410099171641782,101.43535623544317,Oil Palm,ID
osm_way_1363316212,0.4412802613614404,101.43639214107895,Oil Palm,ID
osm_way_1363316213,0.4417042965244036,101.43672117268274,Oil Palm,ID
osm_way_1363316217,0.439021479069265,101.43574007792526,Oil Palm,ID
osm_way_1363316224,0.439252373374656,101.43703468577698,Oil Palm,ID
osm_way_1363316226,0.4390200797915284,101.43869154907988,Oil Palm,ID
osm_way_1363316228,0.4341989869240908,101.43764794586188,Oil Palm,ID
osm_way_1363316230,0.4353654237326686,101.4397519238681,Oil Palm,ID
osm_way_1363316231,0.4358964644386532,101.43899891134828,Oil Palm,ID
osm_way_1363316235,0.4359073299721189,101.44143703103266,Oil Palm,ID
osm_way_1423911886,0.4278714682464669,101.4240592479026,Oil Palm,ID
osm_way_1423911889,0.4293374347782641,101.4232083145084,Oil Palm,ID
osm_way_1426631863,0.4316503768843467,101.41285518427117,Oil Palm,ID
osm_way_1426631865,0.4308809501846717,101.41157182532362,Oil Palm,ID
osm_way_1426631888,0.4282459058990733,101.42006295496958,Oil Palm,ID
osm_way_1426631889,0.4278696535764616,101.42017550107316,Oil Palm,ID
osm_way_1426631890,0.4275207173395253,101.41963333747194,Oil Palm,ID
osm_way_1426631897,0.4266365433788495,101.42099025240736,Oil Palm,ID
osm_way_1428277088,0.4323106950950648,101.4171561808132,Oil Palm,ID
osm_way_1452277701,0.4822558032416005,101.37993694924312,Oil Palm,ID
osm_way_1276432617,6.090990775038373,-5.935570492263431,Cocoa,CI
osm_way_1271758762,6.114337772698679,-5.993966847895777,Cocoa,CI
osm_way_492067624,6.112662384839994,-5.950169964957822,Cocoa,CI
osm_way_1271155150,6.1106372859295375,-5.995981470341635,Cocoa,CI
osm_way_492107044,6.122423000364531,-5.957111863094518,Cocoa,CI
osm_way_492217968,6.13523997859511,-5.963112319133412,Cocoa,CI
osm_way_1017430762,-14.83556187787108,-39.065744840679415,Cocoa,BR
osm_way_492217978,6.132539459287592,-5.958486563482122,Cocoa,CI
osm_way_1017220860,-14.75105589614572,-39.12053118119766,Cocoa,BR
osm_way_492218013,6.122923860414944,-5.969159296998383,Cocoa,CI
osm_way_1017368246,-14.82470931824644,-39.231852981076685,Cocoa,BR
osm_way_492283519,6.144047419328063,-5.969072927163166,Cocoa,CI
osm_way_1017244488,-14.72311739251932,-39.09798720268992,Cocoa,BR
osm_way_1271155630,6.110878429867179,-5.996061799456133,Cocoa,CI
osm_way_351531691,6.138871759283266,-5.948435292639599,Cocoa,CI
osm_way_491839034,6.151351049692118,-5.946603782471209,Cocoa,CI
osm_way_491888097,6.148499664049574,-5.934531727978834,Cocoa,CI
osm_way_492520302,6.148354384640361,-5.960010508376381,Cocoa,CI
osm_way_491889237,6.146728513454561,-5.952826358909594,Cocoa,CI
osm_way_1271761463,6.113841736953888,-5.99467842175059,Cocoa,CI
osm_way_491889238,6.119770233983132,-5.946744171918046,Cocoa,CI
osm_way_491894034,6.117773897366037,-5.925822951566993,Cocoa,CI
osm_way_491896967,6.113474972261215,-5.936894134678621,Cocoa,CI
osm_way_492065096,6.131537187680527,-5.93632135576533,Cocoa,CI
osm_way_1270841121,6.111614292703446,-5.998079765726582,Cocoa,CI
osm_way_492065100,6.131350875565268,-5.928696035712703,Cocoa,CI
osm_way_1017430763,-14.835060889347735,-39.07044889154685,Cocoa,BR
osm_way_492065101,6.127329446039182,-5.934703883052724,Cocoa,CI
osm_way_492065122,6.121936343239744,-5.929590964090262,Cocoa,CI
osm_relation_10847189,4.288203456654228,14.4096685719129,Cocoa,CM
osm_relation_10847321,4.571501514827575,14.3228412994666,Cocoa,CM
osm_relation_10866202,5.198022242089983,14.555150663963074,Cocoa,GH
osm_relation_11728368,5.8000748423289314,14.500803404924708,Cocoa,GH
osm_relation_10866202,5.198022242089983,14.555150663963074,Cocoa,GH
osm_relation_10866202,5.198022242089983,14.555150663963074,Cocoa,GH
osm_relation_10866660,5.177430804074459,14.657343427463418,Cocoa,GH
osm_relation_10866660,5.177430804074459,14.657343427463418,Cocoa,GH
osm_relation_10875152,4.560252124841817,13.658460359896122,Cocoa,CM
osm_relation_10884687,4.29112609255785,14.898308931884184,Cocoa,CM
osm_relation_10887739,4.272930512747231,14.89078747321946,Cocoa,CM
osm_relation_10899245,4.015166089154638,15.014395404337986,Cocoa,CM
osm_relation_10899800,4.138870475010443,14.474977101104129,Cocoa,CM
osm_relation_10906060,4.200403471595346,13.687816569050616,Cocoa,CM
osm_relation_11728551,5.774746422431509,14.540042798264803,Cocoa,GH
osm_relation_11727964,5.84189158292974,14.589795458569894,Cocoa,GH
osm_relation_10922214,4.874312911024694,13.534893303089753,Cocoa,CM
osm_relation_10929430,4.423099073324318,14.284115746697,Cocoa,CM
osm_relation_10960381,4.893810478802111,13.360494619060582,Cocoa,CM
osm_relation_11728567,5.793307599383572,14.547839097137084,Cocoa,GH
osm_relation_10961093,5.0077472256628415,13.501657523703184,Cocoa,GH
osm_relation_10961092,5.043893578495577,13.512103071896693,Cocoa,GH
osm_relation_10962415,4.923611491722546,13.31385463138218,Cocoa,CM
osm_relation_10962415,4.923611491722546,13.31385463138218,Cocoa,CM
osm_relation_11728567,5.793307599383572,14.547839097137084,Cocoa,GH
osm_relation_10961094,5.0251050535998,13.494869266174328,Cocoa,GH
osm_relation_10977433,5.203422870772079,13.364160352216482,Cocoa,GH
osm_relation_10977905,5.231041614516799,13.373700070325038,Cocoa,GH
osm_relation_10981463,5.436341347962374,13.353287627860905,Cocoa,GH
osm_relation_10982151,5.135210660654472,13.400010219765305,Cocoa,GH
osm_relation_10982194,5.383478518656774,13.49615125828115,Cocoa,GH
osm_relation_10982690,5.390469322360025,13.513570201755137,Cocoa,GH
osm_relation_10982843,5.351153964546922,13.400657442053388,Cocoa,GH
osm_relation_10983038,5.408318034636684,13.599886758164846,Cocoa,GH
osm_relation_10984630,5.2509253708248425,13.57540729565205,Cocoa,GH
osm_relation_10984749,5.229351723105625,13.576246773913834,Cocoa,GH
osm_relation_10993994,5.196496356734854,13.523183142871336,Cocoa,GH
osm_relation_10993994,5.196496356734854,13.523183142871336,Cocoa,GH
osm_relation_10994008,5.17633128445131,13.517149703824924,Cocoa,GH
osm_relation_10994008,5.17633128445131,13.517149703824924,Cocoa,GH
osm_relation_10994009,5.183255618178928,13.511507800970058,Cocoa,GH
osm_relation_10994009,5.183255618178928,13.511507800970058,Cocoa,GH
osm_relation_10994010,5.179964363274923,13.505826752667293,Cocoa,GH
osm_relation_10994020,5.176439897746256,13.526339726141504,Cocoa,GH
osm_relation_11006565,4.498554125110352,13.753150336977878,Cocoa,CM
osm_relation_11728581,5.796209127270413,14.514965418227591,Cocoa,GH
osm_relation_11007617,4.587843851294407,13.770518902645572,Cocoa,CM
osm_relation_11058908,4.651630915665665,13.778933192353028,Cocoa,CM
osm_relation_11087303,5.00795011891224,14.344510312760669,Cocoa,GH
osm_relation_11087321,5.073352996261044,14.49976504244748,Cocoa,GH
osm_relation_11087521,5.217146661697719,14.442879724684664,Cocoa,GH
osm_relation_11091992,5.1436836556784975,14.214054971451084,Cocoa,GH
osm_relation_11101069,5.420328980436936,14.034368558396055,Cocoa,GH
osm_relation_11131779,4.036737848808614,12.912229267943047,Cocoa,CM
osm_relation_11137983,5.547570126032874,13.365427233976725,Cocoa,GH
osm_relation_11138879,5.7843566980847365,13.32578718686904,Cocoa,GH
osm_relation_11138879,5.7843566980847365,13.32578718686904,Cocoa,GH
osm_relation_11154798,5.8530394980997045,14.490398761487176,Cocoa,GH
osm_relation_11154799,5.868760786833021,14.491353111654844,Cocoa,GH
osm_relation_11154800,5.871678607959752,14.482321724206498,Cocoa,GH
osm_relation_11154807,5.921007620981536,14.438333860917991,Cocoa,GH
osm_relation_11155502,5.6489016455088965,14.586565432767914,Cocoa,GH
osm_relation_11384018,3.6604196399566185,12.774199635228074,Cocoa,CM
osm_relation_11650258,5.896490260741905,14.491870397520463,Cocoa,GH
osm_relation_11695207,5.917296823697966,14.59969914399535,Cocoa,GH
osm_relation_11695210,5.913780867677254,14.60132394543063,Cocoa,GH
osm_relation_11695680,5.899961666441761,14.604957701429193,Cocoa,GH
osm_relation_11696163,5.901393859425295,14.587849342131342,Cocoa,GH
osm_relation_11698119,5.900711004386471,14.5037232109395,Cocoa,GH
osm_relation_11698120,5.901212933813582,14.500616701924162,Cocoa,GH
osm_relation_11727963,5.843888216258106,14.59026222405848,Cocoa,GH
osm_relation_11698728,5.861140426546196,14.505585233859428,Cocoa,GH
osm_relation_11698729,5.854725102654071,14.500744609768876,Cocoa,GH
osm_relation_11698730,5.851938972147788,14.501302970424396,Cocoa,GH
osm_relation_11698731,5.85492118057273,14.515401021609804,Cocoa,GH
osm_relation_11698732,5.852741914110491,14.51622290468451,Cocoa,GH
osm_relation_11698733,5.85017063433164,14.526265979583624,Cocoa,GH
osm_relation_11698734,5.850324903241424,14.529695031763252,Cocoa,GH
osm_relation_11698735,5.850742026174283,14.534907299798634,Cocoa,GH
osm_relation_11698736,5.856384733238292,14.549610449299292,Cocoa,GH
osm_relation_11698737,5.858318874774758,14.53454014282678,Cocoa,GH
osm_relation_11698738,5.863609964295858,14.54442276302652,Cocoa,GH
osm_relation_11698738,5.863609964295858,14.54442276302652,Cocoa,GH
osm_relation_11698739,5.871334070595927,14.54634249581442,Cocoa,GH
osm_relation_11698739,5.871334070595927,14.54634249581442,Cocoa,GH
osm_relation_11698740,5.874636977150086,14.547932717048583,Cocoa,GH
osm_relation_11698740,5.874636977150086,14.547932717048583,Cocoa,GH
osm_relation_11698741,5.864796381808686,14.548747637717062,Cocoa,GH
osm_relation_11698741,5.864796381808686,14.548747637717062,Cocoa,GH
osm_relation_11698744,5.87103982554383,14.538734632948456,Cocoa,GH
osm_relation_11698745,5.880753206450951,14.534501553935469,Cocoa,GH
osm_relation_11698746,5.887792958105634,14.530082622388411,Cocoa,GH
osm_relation_11698747,5.891827558191452,14.530316494475809,Cocoa,GH
osm_relation_11698748,5.898843717208181,14.529949477551217,Cocoa,GH
osm_relation_11698749,5.8928289944227945,14.52262657509399,Cocoa,GH
osm_relation_11698754,5.889738955410627,14.505637919525752,Cocoa,GH
osm_relation_11698757,5.898824994678312,14.500516302374676,Cocoa,GH
osm_relation_11699373,5.868746171075696,14.521236194010472,Cocoa,GH
osm_relation_11699374,5.878556280624095,14.508639178418578,Cocoa,GH
osm_relation_11699376,5.878785732955168,14.513046787757885,Cocoa,GH
osm_relation_11699903,5.898065893230754,14.576604962409402,Cocoa,GH
osm_relation_11699904,5.8983323531784535,14.590577858741652,Cocoa,GH
osm_relation_11699905,5.899626221227125,14.586653757150463,Cocoa,GH
osm_relation_11724188,5.856384890889662,14.550506699652738,Cocoa,GH
osm_relation_11724190,5.89436280362833,14.599878991677787,Cocoa,GH
osm_relation_11724195,5.850161551602253,14.571756495729616,Cocoa,GH
osm_relation_11724200,5.866582117573364,14.55255141316517,Cocoa,GH
osm_relation_11724326,5.852144650290536,14.565761129949555,Cocoa,GH
osm_relation_11724549,5.884019430741258,14.617856508265602,Cocoa,GH
osm_relation_11724550,5.87901254113096,14.617605173688045,Cocoa,GH
osm_relation_11728017,5.838257898335205,14.554548712263628,Cocoa,GH
osm_relation_11724551,5.880498411926596,14.609984148359434,Cocoa,GH
osm_relation_11724558,5.894436513456079,14.600916159797448,Cocoa,GH
osm_relation_11725562,5.843092101581069,14.600589008884729,Cocoa,GH
osm_relation_11727916,5.825954805422426,14.55053993289488,Cocoa,GH
osm_relation_11727919,5.806582358231434,14.561652378900034,Cocoa,GH
osm_relation_11727921,5.806914933822661,14.559779734199788,Cocoa,GH
osm_way_1271197419,6.11312002303392,-5.994281844407751,Cocoa,CI
osm_way_1302720365,6.1301393491728975,-6.118584707684754,Cocoa,CI
osm_relation_11727928,5.803350258067019,14.552345343643973,Cocoa,GH
osm_way_1302913740,6.046848712155191,-5.775423920297089,Cocoa,CI
osm_way_1016968197,-14.832286840704196,-39.22070045812781,Cocoa,BR
osm_way_1017430761,-14.839138758208936,-39.06264046143621,Cocoa,BR
osm_way_1017220834,-14.751775867477718,-39.11340876875229,Cocoa,BR
osm_way_1017220839,-14.755279131921874,-39.10373675728451,Cocoa,BR
osm_way_1271761233,6.115019254729437,-5.994175583763457,Cocoa,CI
osm_way_1017220844,-14.747758116382718,-39.12332584429921,Cocoa,BR
osm_relation_4148520,3.526958028469532,15.053093388364376,Cocoa,CM
osm_way_1017220857,-14.75271301584856,-39.12680643316795,Cocoa,BR
osm_relation_7136236,2.903640844402977,13.893649268596793,Cocoa,CM
osm_relation_9975332,4.6673276090127125,13.64068751850166,Cocoa,CM
osm_relation_9975397,4.649997288712483,13.654998698487027,Cocoa,CM
osm_relation_10018408,4.924898803533564,13.283700560082291,Cocoa,CM
osm_relation_10741190,3.462173539993216,15.399347998049578,Cocoa,CM
osm_relation_10741252,3.5061013220257973,15.033848474849936,Cocoa,CM
osm_relation_10741874,4.07851323875838,12.748326785192566,Cocoa,CM
osm_relation_10743682,3.9078703518189335,15.113538311576292,Cocoa,CM
osm_relation_10743729,4.0076625531346695,15.047506791279275,Cocoa,CM
osm_relation_10743757,3.9138224616917294,15.118121914025508,Cocoa,CM
osm_relation_10743758,3.92316812665518,15.108263227972042,Cocoa,CM
osm_relation_10743759,3.9400917116277614,15.119774159976368,Cocoa,CM
osm_relation_10743761,4.001972060782583,15.037882739721374,Cocoa,CM
osm_relation_10743780,3.794446386574119,15.077219093135586,Cocoa,CM
osm_relation_10744014,3.735470915823744,15.121596792928209,Cocoa,CM
osm_relation_10744015,3.744208062104238,15.136690260268743,Cocoa,CM
osm_relation_10744131,3.708617387237735,15.14771072439096,Cocoa,CM
osm_relation_10744132,3.60408820534566,15.07792590279504,Cocoa,CM
osm_relation_10744221,3.64664693137901,15.073550250741327,Cocoa,CM
osm_relation_10746463,3.894447996642768,12.602414676077556,Cocoa,CM
osm_relation_10746465,3.894150643554509,12.561394969757906,Cocoa,CM
osm_relation_10750336,4.002428010173,12.910811198430403,Cocoa,CM
osm_relation_10750338,4.000301561394799,12.852888876977586,Cocoa,CM
osm_relation_10750424,3.92813228226244,12.954724212462812,Cocoa,CM
osm_relation_10750425,3.938560346799976,12.952072046702169,Cocoa,CM
osm_relation_10750479,4.443514752980016,13.616964434646814,Cocoa,CM
osm_relation_10751145,4.377388559588654,13.592693167766864,Cocoa,CM
osm_relation_10753343,4.379035995162926,13.561563502387704,Cocoa,CM
osm_relation_10753344,4.500604178029227,13.590826490692033,Cocoa,CM
osm_relation_10753347,4.363060935807595,13.520679034094924,Cocoa,CM
osm_relation_10753393,4.208241122525536,13.61924352487744,Cocoa,CM
osm_relation_10753395,4.220544732498173,13.59455000041255,Cocoa,CM
osm_relation_10753396,4.2447130688814205,13.564846349758236,Cocoa,CM
osm_relation_10753397,4.20821084981475,13.657412734447714,Cocoa,CM
osm_relation_10753461,4.209193799790316,13.63135958964962,Cocoa,CM
osm_relation_10753462,4.201417875377725,13.643205185927078,Cocoa,CM
osm_relation_10753464,4.4857512609629415,13.60170596505111,Cocoa,CM
osm_relation_10753465,4.4656088757292105,13.607115738484753,Cocoa,CM
osm_relation_10753551,3.890021284556416,13.767620003830222,Cocoa,CM
osm_relation_10753552,3.896003865406039,13.763952236037747,Cocoa,CM
osm_relation_10758276,3.654789780469432,13.373252614628258,Cocoa,CM
osm_relation_10758277,3.55290972758352,13.396757550665397,Cocoa,CM
osm_relation_10758278,3.519778690804735,13.43316661387444,Cocoa,CM
osm_relation_10758299,3.710465724319162,13.361782014854352,Cocoa,CM
osm_relation_10758300,3.712813179890811,13.355952966989324,Cocoa,CM
osm_relation_10758422,3.8149230591042538,13.344878041646655,Cocoa,CM
osm_relation_10758424,3.7889255050400106,13.328680186177456,Cocoa,CM
osm_relation_10758424,3.7889255050400106,13.328680186177456,Cocoa,CM
osm_relation_10758450,3.8376879853229937,13.114020261770325,Cocoa,CM
osm_relation_10758612,4.011938224302693,13.0030371115889,Cocoa,CM
osm_relation_10758613,4.013084797153094,13.042939260681576,Cocoa,CM
osm_relation_10758614,4.020676818758036,13.083921801985596,Cocoa,CM
osm_relation_10758615,4.017910650494955,13.090820754557354,Cocoa,CM
osm_relation_10758617,4.002828357207008,13.036727147941695,Cocoa,CM
osm_relation_10758618,3.998586354254164,13.072649271262058,Cocoa,CM
osm_relation_10759086,4.364222952465909,12.987182362386973,Cocoa,CM
osm_relation_10759087,4.275684501629712,12.965050466973052,Cocoa,CM
osm_relation_10777648,4.582312890553919,13.013294276423968,Cocoa,CM
osm_relation_10778280,4.455086662760303,12.88959638987338,Cocoa,CM
osm_relation_10778281,4.445751094422034,12.909408592492849,Cocoa,CM
osm_relation_10778282,4.441298397804705,12.90808111633102,Cocoa,CM
osm_relation_10778282,4.441298397804705,12.90808111633102,Cocoa,CM
osm_relation_10778842,4.495295030283531,13.057675571164204,Cocoa,CM
osm_relation_10778844,4.418238278052082,12.961962312244916,Cocoa,CM
osm_relation_10778845,4.462844853547475,12.988569202329202,Cocoa,CM
osm_relation_10779958,4.375299929473826,12.917780217180916,Cocoa,CM
osm_relation_10779958,4.375299929473826,12.917780217180916,Cocoa,CM
osm_relation_10780007,4.315497910326443,13.180285002600153,Cocoa,CM
osm_relation_10781043,4.3247712327875405,13.230818501388717,Cocoa,CM
osm_relation_10781044,4.318078202409452,13.219234380727922,Cocoa,CM
osm_relation_10781045,4.329630516002188,13.186548186172596,Cocoa,CM
osm_relation_10781046,4.333436678910378,13.14823650279028,Cocoa,CM
osm_relation_10781047,4.343913147638078,13.104617810408431,Cocoa,CM
osm_relation_10781112,4.324928369688825,13.191029096554509,Cocoa,CM
osm_way_1271208131,6.112309927991821,-5.992644557665788,Cocoa,CI
osm_way_1017430765,-14.827543525555669,-39.06357060127229,Cocoa,BR
osm_way_1272009189,6.116877958995354,-5.992487816708507,Cocoa,CI
osm_way_1273331581,6.156313356117605,-5.966766328719675,Cocoa,CI
osm_relation_10786606,4.088799778402922,13.263847986312078,Cocoa,CM
osm_relation_10790162,4.094330673274477,12.799190921556708,Cocoa,CM
osm_relation_10790318,4.396763324372803,12.866561063162166,Cocoa,CM
osm_relation_10794768,4.255942158256145,12.895879571318003,Cocoa,CM
osm_relation_10794896,4.280209220926685,12.88629133937672,Cocoa,CM
osm_relation_10822610,4.404705234567781,14.779100485692464,Cocoa,CM
osm_relation_10847170,4.475593517339169,14.32955650293072,Cocoa,CM
osm_way_1273341761,6.1568837444521405,-5.973749378627388,Cocoa,CI
osm_way_1017430764,-14.829294605419433,-39.06697486518182,Cocoa,BR
osm_way_1017371516,-14.813309979002838,-39.22269425840145,Cocoa,BR
osm_way_1276421253,6.093249623957697,-5.939744313968952,Cocoa,CI
osm_way_1017220859,-14.750830607640031,-39.123357814277526,Cocoa,BR
osm_way_492065192,6.115963168879088,-5.9409552175082,Cocoa,CI
osm_way_1273032204,6.182454365877098,-5.937195379269153,Cocoa,CI
osm_way_497158739,12.97782204164311,108.37056075393818,Coffee,VN
osm_way_497158741,12.99037032601396,108.3148465911028,Coffee,VN
osm_way_497158744,12.992315045727564,108.31061654241464,Coffee,VN
osm_way_497158745,12.99013126861094,108.28739406666666,Coffee,VN
osm_way_497158746,12.991997414881183,108.28178196832792,Coffee,VN
osm_way_497158747,12.99075896076558,108.28208484292968,Coffee,VN
osm_way_497158748,13.004290268939693,108.30414302189712,Coffee,VN
osm_way_497158749,13.002849586434282,108.29654839089154,Coffee,VN
osm_way_497158751,13.002757388157434,108.28717625224624,Coffee,VN
osm_way_497158753,13.010415339460566,108.2922648736793,Coffee,VN
osm_way_497158756,13.00974309685603,108.2926811704478,Coffee,VN
osm_way_497158758,13.0172798895874,108.29083802433055,Coffee,VN
osm_way_497158760,13.017519826148453,108.29607743728474,Coffee,VN
osm_way_497158762,13.02713276251951,108.29896508771748,Coffee,VN
osm_way_497158765,13.02719302766628,108.30049122307568,Coffee,VN
osm_way_497158768,13.046534681754078,108.29847384329148,Coffee,VN
osm_way_497158770,13.046659630726149,108.29800294220097,Coffee,VN
osm_way_497158774,13.045474985091836,108.29554113032576,Coffee,VN
osm_way_497158777,13.024297561544076,108.28878758260296,Coffee,VN
osm_way_497158780,13.02502445652798,108.28497334032674,Coffee,VN
osm_way_497158782,13.041198023912932,108.2960731375191,Coffee,VN
osm_way_1367720852,-0.1270813632542863,36.82327270050384,Coffee,KE
osm_way_1144924385,-0.4203917599885146,36.96422098831542,Coffee,KE
osm_way_1393129213,-0.3990396648814094,36.946486048592334,Coffee,KE
osm_way_1144924927,-0.4191864684379281,36.9687333460866,Coffee,KE
osm_relation_19956776,4.7531294657456,96.84874023844014,Coffee,ID
osm_relation_19956780,4.757121135745856,96.84419906199976,Coffee,ID
osm_way_1262551292,-0.4704822009768682,36.82748384846877,Coffee,KE
osm_relation_19956792,4.747750747586717,96.8578277736673,Coffee,ID
osm_way_288427606,4.719369054068081,96.86027183316124,Coffee,ID
osm_way_856312853,4.961702379862273,96.71694158854942,Coffee,ID
osm_way_859517917,4.705794586940184,96.88424247818332,Coffee,ID
osm_way_1262552524,-0.4369464366866575,36.82035726323935,Coffee,KE
osm_way_859517918,4.705365486406946,96.8831834459803,Coffee,ID
osm_way_859537638,4.735109975395188,96.73594665790158,Coffee,ID
osm_way_859537639,4.735167070538485,96.73385009391356,Coffee,ID
osm_way_859537640,4.736664388684297,96.73399880676068,Coffee,ID
osm_way_1262859132,-0.4732888944456013,36.825188923143685,Coffee,KE
osm_way_859537643,4.731836192386342,96.73116079695566,Coffee,ID
osm_way_859566707,4.690547344096017,96.90255339089369,Coffee,ID
osm_way_859566708,4.690393308370567,96.90293576113343,Coffee,ID
osm_way_859566709,4.690055562346805,96.9030156237425,Coffee,ID
osm_way_1262859133,-0.4726211600914403,36.825835523367175,Coffee,KE
osm_way_859575207,4.706303057374443,96.88420397816714,Coffee,ID
osm_way_892348455,4.867267338427979,96.7013039098593,Coffee,ID
osm_way_892348456,4.869194922712079,96.70369933741156,Coffee,ID
osm_way_908068217,4.7226308307598215,96.77909125736194,Coffee,ID
osm_way_1262859134,-0.4726217888657378,36.82505337172351,Coffee,KE
osm_way_892348457,4.862235038199515,96.69877773630591,Coffee,ID
osm_way_908068214,4.722775813078834,96.78036725902952,Coffee,ID
osm_way_908068215,4.7230358964896935,96.77908040184175,Coffee,ID
osm_way_908068216,4.723050602203497,96.77990090146216,Coffee,ID
osm_way_1262860232,-0.4834519530171274,36.81842907357029,Coffee,KE
osm_way_908068218,4.727308097983032,96.7722764989541,Coffee,ID
osm_way_1262861485,-0.4736087275071978,36.81919033402146,Coffee,KE
osm_way_943016764,4.80919108192472,96.91855031435296,Coffee,ID
osm_way_1262867023,-0.453483430650078,36.81658667440497,Coffee,KE
osm_way_527185874,1.8404998772884733,-76.16306528339227,Coffee,BR
osm_way_527185875,1.842889776116461,-76.16310615035542,Coffee,BR
osm_way_530431673,1.8082778284295808,-76.22207198159303,Coffee,BR
osm_way_530431674,1.805468249682044,-76.21635363207531,Coffee,BR
osm_way_534168630,1.873484012233149,-76.12729248987874,Coffee,BR
osm_way_682321551,2.896778691408793,-75.07575472996552,Coffee,BR
osm_way_685964500,1.7751424853138271,-75.89613120964638,Coffee,BR
osm_way_686207905,1.9640950013804328,-75.7301708270067,Coffee,BR
osm_way_726194950,1.896042247166964,-76.27150394892342,Coffee,BR
osm_way_726194951,1.8951911174946647,-76.27075783679369,Coffee,BR
osm_way_726194952,1.8946108852621544,-76.27132658366057,Coffee,BR
osm_way_744762908,1.883694418056978,-76.26941070119969,Coffee,BR
osm_way_754072005,1.877734877984152,-76.26560836779751,Coffee,BR
osm_way_910930590,1.7360452020100403,-75.89700438740724,Coffee,BR
osm_way_910930591,1.7363687264965946,-75.89787370373642,Coffee,BR
osm_way_1017412100,3.4123251586250407,-74.65481666647595,Coffee,BR
osm_way_1017412104,3.428696657443908,-74.7365095678001,Coffee,BR
osm_way_1017412105,3.427334000730604,-74.74560374036514,Coffee,BR
osm_way_1020112028,3.614853857844446,-74.6264238475487,Coffee,BR
osm_way_1021287397,3.613464967341553,-74.64291624230216,Coffee,BR
osm_way_1021287398,3.6213913598129226,-74.63261714606573,Coffee,BR
osm_way_98170643,12.421278977113849,75.81291801821123,Coffee,IN
osm_relation_18074265,8.76261835985856,-82.37541565094364,Coffee,PA
osm_relation_19278453,8.66491240681998,-82.44192935047883,Coffee,PA
osm_way_214483924,8.859828345809193,-82.55351835776892,Coffee,PA
osm_way_215837567,8.820233245264472,-82.41827407856951,Coffee,PA
osm_way_215837568,8.824385026771033,-82.42255459057614,Coffee,PA
osm_way_230100622,8.802543858964253,-82.48196648286651,Coffee,PA
osm_way_230101646,8.849861969793912,-82.48572473773127,Coffee,PA
osm_way_230502911,8.804105357958367,-82.50920983425841,Coffee,PA
osm_way_230768701,8.83731583975231,-82.46892503428572,Coffee,PA
osm_way_231793580,8.798727883283265,-82.47393941776778,Coffee,PA
osm_way_233425954,8.799121160598608,-82.4330205961937,Coffee,PA
osm_way_233491798,8.682098728602083,-82.42448334547302,Coffee,PA
osm_way_234074145,8.760217606860381,-82.42576473776548,Coffee,PA
osm_way_234077587,8.773373558532134,-82.44302790655614,Coffee,PA
osm_way_234077588,8.77816828310649,-82.44640873386724,Coffee,PA
osm_way_208850054,7.662716698497941,36.86894464425938,Coffee,ET
osm_way_423572986,8.501784562719193,37.01203348891094,Coffee,ET
osm_way_423572987,8.500791613032948,37.011561728283866,Coffee,ET
osm_way_423574918,8.502657131576985,37.01261545404217,Coffee,ET
osm_way_423574919,8.500286425722868,37.01015560679846,Coffee,ET
osm_way_423574920,8.50012241999685,37.01093451244149,Coffee,ET
osm_way_975424753,7.83472072903733,35.84129331139357,Coffee,ET
osm_way_975424754,7.85927257318055,35.83975965264422,Coffee,ET
osm_way_1160174140,7.6863860490327,36.831846851625535,Coffee,ET
osm_way_230587757,10.470769928859022,-84.5803978254634,Coffee,CR
osm_way_358720687,9.945773874616568,-84.44977227997144,Coffee,CR
osm_way_535401063,10.95698875965457,-84.64331447189754,Coffee,CR
osm_way_560515551,11.006081361946816,-84.68502625528922,Coffee,CR
osm_way_571090410,11.021962770308347,-84.60490332917729,Coffee,CR
osm_way_639834488,10.84833323255139,-84.34175497724365,Coffee,CR
osm_way_665560887,10.535972958034987,-84.47899701450258,Coffee,CR
osm_way_670115181,10.468312831222578,-84.66442154362518,Coffee,CR
osm_way_1268362503,-0.4605485714012253,36.84024656696244,Coffee,KE
osm_way_993481822,10.077741694448695,-84.22450406158805,Coffee,CR
osm_way_997531572,10.54705955452534,-84.27019758527123,Coffee,CR
osm_way_1268364830,-0.4122425559569125,36.80721989825781,Coffee,KE
osm_way_1101858944,10.07115004991209,-84.20405578448582,Coffee,CR
osm_way_1188892310,10.731865008902831,-84.9107590551686,Coffee,CR
osm_way_1188892311,10.73021394291882,-84.90982208196561,Coffee,CR
osm_way_1189742973,10.96090369304185,-84.96803808178919,Coffee,CR
osm_way_1268364831,-0.4121718469026446,36.8092700896524,Coffee,KE
osm_way_1189747428,10.948171183229311,-85.04589603268214,Coffee,CR
osm_way_908405160,4.722981216228272,96.80466759189632,Coffee,ID
osm_way_813896563,-0.1704137377183219,37.01364496204268,Coffee,KE
osm_way_813896564,-0.1514088102790955,37.02334807642936,Coffee,KE
osm_way_813896565,-0.1544029420012621,37.01794600321874,Coffee,KE
osm_way_1088483331,-0.4543820981753156,36.81265769038049,Coffee,KE
osm_way_1088483332,-0.4528917593572133,36.82160618534847,Coffee,KE
osm_way_1088752954,-0.4095491266814611,36.83658373042935,Coffee,KE
osm_way_1088752955,-0.4151141571591296,36.8294887557615,Coffee,KE
osm_way_1089408349,-0.4213748444942537,36.8218421216287,Coffee,KE
osm_way_1089408350,-0.4249269826714262,36.830650346704246,Coffee,KE
osm_way_1089408351,-0.3964192230429977,36.82801339573167,Coffee,KE
osm_way_247201403,-20.271291663299284,-42.04903322290541,Coffee,BR
osm_way_247827161,-20.249655597619192,-42.01778335207207,Coffee,BR
osm_way_1417955911,-20.25596150266551,-42.04318459154545,Coffee,BR
osm_way_1417955913,-20.256673928842428,-42.04363159703925,Coffee,BR
osm_way_318391587,12.717121233333334,108.08053356666667,Coffee,VN
osm_way_318391589,12.720741489771298,108.08234594894822,Coffee,VN
osm_way_318391590,12.718187647053412,108.08419613229928,Coffee,VN
osm_way_497158737,13.018302844389758,108.28558944354302,Coffee,VN
osm_way_497158783,13.036896146331788,108.2948534749238,Coffee,VN
osm_way_497158784,13.032766325074666,108.29351317102208,Coffee,VN
osm_way_497158786,13.028927008550813,108.29131863235511,Coffee,VN
osm_way_497158789,13.03061767562532,108.287445348613,Coffee,VN
osm_way_497158791,13.03481519010384,108.28922302979166,Coffee,VN
osm_way_497158792,13.040903007290035,108.2919842245145,Coffee,VN
osm_way_908068219,4.726769113574048,96.77304340472216,Coffee,ID
osm_way_908068220,4.7282374198784565,96.77237773161,Coffee,ID
osm_way_908068223,4.727234333191514,96.77119089264822,Coffee,ID
osm_way_908068224,4.727178587233938,96.77317678769776,Coffee,ID
osm_way_908068225,4.726318978336012,96.77346002722652,Coffee,ID
osm_way_908068228,4.721584401205886,96.77520866194618,Coffee,ID
osm_way_1020112027,3.605769166820543,-74.62844876371429,Coffee,BR
osm_way_1021287384,3.609700758950583,-74.62348167222855,Coffee,BR
osm_way_1021287399,3.61678738700302,-74.63620223277474,Coffee,BR
osm_way_1021287400,3.617094830355008,-74.63841794183949,Coffee,BR
osm_way_1041059277,3.60017015620451,-74.70716604127936,Coffee,BR
osm_way_1107038086,2.486069300263267,-75.96032743961081,Coffee,BR
osm_way_1306446166,-0.4488304367940292,36.94845191967212,Coffee,KE
osm_way_1306446167,-0.4489022209080089,36.94792708912543,Coffee,KE
osm_way_1311484788,-0.5165179478286035,37.02900548669196,Coffee,KE
osm_way_1338698225,-0.4207245587133807,37.03136168147666,Coffee,KE
osm_way_1340382669,-0.3623561883012604,37.08001147328093,Coffee,KE
osm_way_1340382670,-0.362328360316469,37.07953393566342,Coffee,KE
osm_way_497158793,13.143749104967243,108.28804372362036,Coffee,VN
osm_way_497158794,13.14366930647149,108.28739205494064,Coffee,VN
osm_way_497158795,13.144135922712424,108.28582791994153,Coffee,VN
osm_way_497158796,13.143554354410275,108.2866544171034,Coffee,VN
osm_way_497158797,13.142274393736372,108.28492814824492,Coffee,VN
osm_way_497158798,13.133709659547003,108.28679090113276,Coffee,VN
osm_way_497158799,13.134493993675472,108.28794182571676,Coffee,VN
osm_way_497158800,13.13476079602982,108.28701994516776,Coffee,VN
osm_way_497158801,13.135810165827948,108.28633886506412,Coffee,VN
osm_way_497158802,13.136700803941643,108.28505835684642,Coffee,VN
osm_way_497158803,13.136212191586496,108.28465217406432,Coffee,VN
osm_way_497158804,13.136300645095393,108.2856282387534,Coffee,VN
osm_way_497158805,13.13858571094408,108.29292344787623,Coffee,VN
osm_way_497158806,13.139857944667767,108.291353255085,Coffee,VN
osm_way_497158807,13.138892144367448,108.28879333648094,Coffee,VN
osm_way_497158808,13.138164371222963,108.28682641133116,Coffee,VN
osm_way_497158809,13.138553746558252,108.28611295031278,Coffee,VN
osm_way_497158810,13.139232698491098,108.2863672859033,Coffee,VN
osm_way_497158811,13.139448577322066,108.287668871281,Coffee,VN
osm_way_497158813,13.140458503316331,108.28859706991122,Coffee,VN
osm_way_497158815,13.13792560044222,108.29017176902066,Coffee,VN
osm_way_497158817,13.136937854329862,108.28989846416567,Coffee,VN
osm_way_497158818,13.135976586735003,108.28966336559748,Coffee,VN
osm_way_497158819,13.136129609375873,108.28875373082928,Coffee,VN
osm_way_497158820,13.13707539019207,108.28899169794596,Coffee,VN
osm_way_497158821,13.13627931761684,108.28782407034764,Coffee,VN
osm_way_497158822,13.136567967354322,108.2871099946108,Coffee,VN
osm_way_497158824,13.13733398402483,108.28731305563196,Coffee,VN
osm_way_497158825,13.137222037937129,108.28806515787518,Coffee,VN
osm_way_497158826,13.138252822724835,108.28832072039542,Coffee,VN
osm_way_497158827,13.138420900150116,108.28765955431815,Coffee,VN
osm_way_497158828,13.138056568801913,108.28925221730869,Coffee,VN
osm_way_497158829,13.13689033564469,108.29067573868916,Coffee,VN
osm_way_497158830,13.13189373025571,108.30188712386985,Coffee,VN
osm_way_497158831,13.12684958164514,108.30601371951984,Coffee,VN
osm_way_497158832,13.118850270471132,108.31420558597462,Coffee,VN
osm_way_979722037,42.0333123099009,-93.55949902851488,Soy,US
osm_way_249158077,-24.72797061337344,-53.60292331122108,Soy,BR
osm_way_980768417,42.04221054154147,-93.5974989175882,Soy,US
osm_way_468542822,42.01367232659808,-93.6622362364172,Soy,US
osm_way_980798833,42.05277920332271,-93.60503592280509,Soy,US
osm_way_980798851,42.058961404934,-93.61389515632274,Soy,US
osm_way_254043293,-24.78586118360202,-53.72309965085423,Soy,BR
osm_way_980798853,42.06089111235765,-93.61903688301508,Soy,US
osm_way_980798854,42.06228575773024,-93.61765143015528,Soy,US
osm_way_738116154,42.02619242826584,-93.52527777975747,Soy,US
osm_way_981902255,42.02002215172364,-93.56292762954948,Soy,US
osm_way_254427801,-24.657274765269268,-53.69858623139224,Soy,BR
osm_way_779246667,42.00346436638241,-93.59194502355936,Soy,US
osm_way_738116173,42.018963852208536,-93.52374909125908,Soy,US
osm_relation_12772217,41.99676646960745,-93.63298096479066,Soy,US
osm_way_203240182,-12.621262572655423,-55.78004982292095,Soy,BR
osm_way_670712708,-12.588767325337283,-55.86255116263952,Soy,BR
osm_way_670712717,-12.596261265980988,-55.862949433284655,Soy,BR
osm_way_759595188,-12.452990138648827,-55.8270039267876,Soy,BR
osm_way_786236618,-12.510444206545989,-55.75598081923337,Soy,BR
osm_way_864177386,-12.524512819783334,-55.77189695100921,Soy,BR
osm_way_864196290,-12.508360637769758,-55.75768999968507,Soy,BR
osm_way_864196291,-12.51039156370208,-55.76040934364384,Soy,BR
osm_way_864196293,-12.513022353669935,-55.75806478041471,Soy,BR
osm_way_864196294,-12.511775429694053,-55.745490821527646,Soy,BR
osm_way_864196295,-12.506712849384748,-55.75121991023229,Soy,BR
osm_way_864196296,-12.5045987550596,-55.74403594317078,Soy,BR
osm_way_864196302,-12.49985962305157,-55.75378736475087,Soy,BR
osm_way_864196304,-12.503871415139642,-55.76028647798703,Soy,BR
osm_way_864196305,-12.49970856085212,-55.76215063996192,Soy,BR
osm_way_864196320,-12.511208677433508,-55.73140066478958,Soy,BR
osm_way_864196320,-12.511208677433508,-55.73140066478958,Soy,BR
osm_way_864196321,-12.51292881808202,-55.727074094861024,Soy,BR
osm_way_864196321,-12.51292881808202,-55.727074094861024,Soy,BR
osm_way_864634364,-12.57622854110302,-55.69625869309465,Soy,BR
osm_way_864634364,-12.57622854110302,-55.69625869309465,Soy,BR
osm_way_864634365,-12.5691075465358,-55.69120971537965,Soy,BR
osm_way_864634365,-12.5691075465358,-55.69120971537965,Soy,BR
osm_way_864696131,-12.869015084238724,-55.779974909873445,Soy,BR
osm_way_864696132,-12.87878058149714,-55.78299435994858,Soy,BR
osm_way_864696133,-12.87755949689974,-55.77606129519549,Soy,BR
osm_way_864696134,-12.827504158538874,-55.757214687854685,Soy,BR
osm_way_864696135,-12.790208305601071,-55.78157778857615,Soy,BR
osm_way_864696136,-12.792407613563,-55.79177772063825,Soy,BR
osm_way_864696137,-12.807485161455505,-55.72985900573009,Soy,BR
osm_way_864696137,-12.807485161455505,-55.72985900573009,Soy,BR
osm_way_864701873,-12.777027505186448,-55.844582835229936,Soy,BR
osm_way_864996072,-12.53912149340803,-55.701596405167045,Soy,BR
osm_way_864996085,-12.54655356178776,-55.69865651858523,Soy,BR
osm_way_865047533,-12.561313390392977,-55.713210532815005,Soy,BR
osm_way_865047567,-12.537755619993064,-55.76074323407697,Soy,BR
osm_way_865060786,-12.54469646694778,-55.74975417149483,Soy,BR
osm_way_867304808,-12.585079213582766,-55.7396994244732,Soy,BR
osm_way_868705758,-12.766661599516905,-55.99121942799353,Soy,BR
osm_way_868710192,-12.750298472463887,-55.99045794346049,Soy,BR
osm_way_868711322,-12.709294313373285,-55.967795093323936,Soy,BR
osm_way_868711324,-12.710145706387252,-55.979231337893744,Soy,BR
osm_way_868720229,-12.590439848185811,-55.69684594698729,Soy,BR
osm_way_868818401,-12.519927156671738,-55.85601971750232,Soy,BR
osm_way_868837825,-12.552830361359426,-55.85614579075313,Soy,BR
osm_way_868837825,-12.552830361359426,-55.85614579075313,Soy,BR
osm_way_868837828,-12.519606795072889,-55.8433514835066,Soy,BR
osm_way_255284767,-24.53507294288298,-53.780425935697664,Soy,BR
osm_way_255531586,-24.57233381636393,-53.76668639171641,Soy,BR
osm_way_889083721,41.98154730592399,-93.627702590015,Soy,US
osm_way_255536680,-24.58217838107294,-53.730311035447166,Soy,BR
osm_way_255727559,-24.556605385487067,-53.88955191497477,Soy,BR
osm_way_918103317,41.997875015331225,-93.64008705730996,Soy,US
osm_way_918841100,42.07018239569797,-93.64563208483165,Soy,US
osm_way_919019156,42.03212475886654,-93.59939131239923,Soy,US
osm_way_920234021,42.036219162352495,-93.58452967508956,Soy,US
osm_way_942342149,-12.035429796766744,-55.83070868247268,Soy,BR
osm_way_854983948,42.01710082781286,-93.65950785357202,Soy,US
osm_way_979722036,42.03196182968292,-93.56595952634,Soy,US
osm_way_1121250923,-11.78924595634216,-55.8053535701188,Soy,BR
osm_way_1269020742,-12.516618206889213,-55.73163372385204,Soy,BR
osm_way_1269020742,-12.516618206889213,-55.73163372385204,Soy,BR
osm_way_1330284340,-12.087820629857998,-55.64733017953823,Soy,BR
osm_way_257619875,-24.603183629999123,-53.90212807082514,Soy,BR
osm_way_1394983014,-12.638066538079208,-55.79847437287569,Soy,BR
osm_relation_3426855,-24.563668396812755,-53.88577994643505,Soy,BR
osm_way_263641712,-24.69855266549548,-53.714263523249485,Soy,BR
osm_relation_3426864,-24.53313359402481,-53.8926923007564,Soy,BR
osm_relation_3426867,-24.5274142461623,-53.8493749596482,Soy,BR
osm_way_234298192,-24.75575806336574,-53.71603194793114,Soy,BR
osm_way_234353808,-24.764180211073803,-53.70770353274328,Soy,BR
osm_way_234425354,-24.73710124271927,-53.64006203991888,Soy,BR
osm_way_234428445,-24.74917429123805,-53.68287248663172,Soy,BR
osm_way_234430186,-24.756352938450046,-53.646660522092425,Soy,BR
osm_way_234470116,-24.73040793950415,-53.56619294221999,Soy,BR
osm_way_234471421,-24.739202365469847,-53.55601605438913,Soy,BR
osm_way_234564909,-24.755144868161565,-53.581872132743065,Soy,BR
osm_way_234572094,-24.7954796672118,-53.562072537683086,Soy,BR
osm_way_234715351,-24.76825665805491,-53.68481810941716,Soy,BR
osm_way_235323639,-24.72764178194929,-53.6604383139787,Soy,BR
osm_way_235479633,-24.70625540503908,-53.62323006417962,Soy,BR
osm_way_468542820,42.03513933024907,-93.667354652696,Soy,US
osm_way_235547206,-24.700725315785096,-53.65019153008133,Soy,BR
osm_way_235736561,-24.700893014673728,-53.69313828335776,Soy,BR
osm_way_235739348,-24.69479056025301,-53.683488616194914,Soy,BR
osm_way_1462724598,-36.63135746385392,-64.24838543688246,Cattle,AR
osm_way_1462982295,-36.63472284456503,-64.25345403229986,Cattle,AR
osm_way_1463784577,-36.64316235461096,-64.26105185576054,Cattle,AR
osm_way_1463784581,-36.643892041829645,-64.26102700958461,Cattle,AR
osm_way_1298635726,-9.900991901132793,-56.06413578803314,Cattle,BR
osm_way_1298782673,-9.88189828952972,-56.05623759444216,Cattle,BR
osm_way_1298782674,-9.879556385027207,-56.05632254510299,Cattle,BR
osm_way_1298782676,-9.845402337214008,-56.11116048574042,Cattle,BR
osm_way_1298808887,-9.853151191024914,-56.1165691801845,Cattle,BR
osm_way_1298808888,-9.850773185478234,-56.11408661796381,Cattle,BR
osm_way_1298808889,-9.84799423999798,-56.12456092625941,Cattle,BR
osm_way_1300356176,-9.861569386014152,-56.0952435482481,Cattle,BR
osm_way_1300356177,-9.864523866666666,-56.09545276666668,Cattle,BR
osm_way_1300356179,-9.89630928066769,-56.06115783285671,Cattle,BR
osm_way_1300356181,-9.898237242888396,-56.05145274006216,Cattle,BR
osm_way_1300356192,-9.904662495744091,-56.06650110264087,Cattle,BR
osm_way_1302005666,-9.914739732596503,-56.09604668545802,Cattle,BR
osm_way_1302005667,-9.917392914634757,-56.08955944480893,Cattle,BR
osm_way_1302005669,-9.895748667333292,-56.09398988477968,Cattle,BR
osm_way_1302005680,-9.896164020933224,-56.097070758877145,Cattle,BR
osm_way_1302005681,-9.888147222928175,-56.10889209180441,Cattle,BR
osm_way_1303737120,-9.906096502903448,-56.05664197646241,Cattle,BR
osm_way_1303737122,-9.902962276887685,-56.05101722984458,Cattle,BR
osm_way_1303737123,-9.90069071699386,-56.0552706714082,Cattle,BR
osm_way_1303737125,-9.899111406431436,-56.05920557710824,Cattle,BR
osm_way_1303737127,-9.898790588941369,-56.06378644384056,Cattle,BR
osm_way_1303737128,-9.895431279710932,-56.05665785524256,Cattle,BR
osm_way_1303737129,-9.875425765512958,-56.057392525322655,Cattle,BR
osm_way_1309124195,-9.862190713036004,-56.10868782877537,Cattle,BR
osm_way_1309124196,-9.862465718007584,-56.11278621572325,Cattle,BR
osm_way_1309124197,-9.859073333862046,-56.11411214436001,Cattle,BR
osm_way_1309124198,-9.858206562482778,-56.12331050407469,Cattle,BR
osm_way_1309124200,-9.871274363112155,-56.115451231764354,Cattle,BR
osm_way_1309124201,-9.860086864864298,-56.05606478490284,Cattle,BR
osm_way_743308224,51.89497780607107,-8.545167661918553,Cattle,IT
osm_way_743308237,51.89605115974644,-8.534974892036253,Cattle,IT
osm_way_403077336,-10.088985421321862,-56.71560429151968,Cattle,BR
osm_way_466393283,-10.09048962542278,-56.75082655648737,Cattle,BR
osm_way_466419040,-10.145039163533609,-56.70826466059525,Cattle,BR
osm_way_1273533294,-9.895517292738692,-56.08273230096159,Cattle,BR
osm_way_1287476345,-9.862551986912534,-56.06288183373153,Cattle,BR
osm_way_1287476347,-9.915095286685556,-56.07744821239224,Cattle,BR
osm_way_1287476348,-9.92256339389133,-56.07961456456452,Cattle,BR
osm_way_1287476349,-9.867835971122815,-56.10007030159499,Cattle,BR
osm_way_1287476350,-9.908242283023522,-56.07066916200438,Cattle,BR
osm_way_1287476353,-9.843237888315237,-56.09830638090564,Cattle,BR
osm_way_1287694394,-9.855736477915906,-56.05961010376289,Cattle,BR
osm_way_1287694395,-9.853046376394268,-56.058778801891776,Cattle,BR
osm_way_1287694397,-9.859166071576638,-56.0825526115806,Cattle,BR
osm_way_1287694398,-9.871630821527663,-56.09677378102478,Cattle,BR
osm_way_1287694402,-9.868383806824715,-56.094109225538176,Cattle,BR
osm_way_1287694403,-9.894123090105774,-56.0709368426325,Cattle,BR
osm_way_1287694404,-9.891885038116907,-56.07024240664786,Cattle,BR
osm_way_1287694405,-9.89333987709142,-56.0754486698932,Cattle,BR
osm_way_1287694406,-9.858264037597287,-56.09653249711343,Cattle,BR
osm_way_1287694407,-9.861952394386073,-56.098015253828045,Cattle,BR
osm_way_1287694408,-9.857848705636757,-56.100048002818845,Cattle,BR
osm_way_1287694409,-9.854498739580231,-56.0937132431396,Cattle,BR
osm_way_1287694410,-9.849406771744585,-56.08976780284572,Cattle,BR
osm_way_1287694412,-9.906071764206535,-56.08310581160319,Cattle,BR
osm_way_1287802108,-9.910134815994718,-56.09542086939092,Cattle,BR
osm_way_1289210345,-9.844968252590258,-56.08780542805752,Cattle,BR
osm_way_1290319439,-9.916641206765377,-56.06981022728767,Cattle,BR
osm_way_1294737743,-9.866456579947798,-56.10285152978728,Cattle,BR
osm_way_1294737744,-9.872360193160205,-56.095489539185344,Cattle,BR
osm_way_1294737745,-9.872728894962275,-56.09362670334299,Cattle,BR
osm_way_1294737746,-9.895091111439214,-56.066272427212944,Cattle,BR
osm_way_1294737747,-9.888299734060816,-56.0552195233203,Cattle,BR
osm_way_1297131819,-9.83445486398603,-56.09008581657104,Cattle,BR
osm_way_1297131819,-9.83445486398603,-56.09008581657104,Cattle,BR
osm_way_1297131820,-9.89021792557006,-56.06567640161211,Cattle,BR
osm_way_1297131823,-9.83487761319183,-56.07750720415955,Cattle,BR
osm_way_1298078027,-9.86625711870303,-56.0499672953572,Cattle,BR
osm_way_1298078028,-9.868083934768494,-56.05096387149021,Cattle,BR
osm_way_1298540858,-9.954489366466508,-56.03591058348821,Cattle,BR
osm_way_1298540859,-9.951350444182308,-56.04230146033693,Cattle,BR
osm_way_749064294,51.92079741652364,-8.558261261427269,Cattle,IT
osm_way_749064298,51.92472057605375,-8.553375599405873,Cattle,IT
osm_way_749120833,51.92939286098763,-8.50407446118162,Cattle,IT
osm_way_749120834,51.931200101340735,-8.503991042198669,Cattle,IT
osm_way_749120864,51.93123623882809,-8.513154987122755,Cattle,IT
osm_way_750643135,51.93154253068363,-8.603720056454259,Cattle,IT
osm_way_751672666,51.93322201613732,-8.627899094721228,Cattle,IT
osm_way_751674022,51.93213870852873,-8.636850005486762,Cattle,IT
osm_way_751775306,51.90483294823321,-8.526928362562849,Cattle,IT
osm_way_754295537,51.90596941444125,-8.606101334571235,Cattle,IT
osm_way_1183968807,35.20235967485848,-101.77067568250312,Cattle,US
osm_way_1183968808,35.20670222047466,-101.77156081813388,Cattle,US
osm_way_1183968809,35.21515831247715,-101.7813322123175,Cattle,US
osm_way_1183968811,35.22995045520099,-101.75251942694966,Cattle,US
osm_way_1198029191,35.14031886112122,-101.86373375448817,Cattle,US
osm_way_1198029196,35.1592061486475,-101.95123837107626,Cattle,US
osm_way_1198029201,35.22322490131859,-101.8731601576356,Cattle,US
osm_way_1198038404,35.130283405674106,-101.8616508894962,Cattle,US
osm_way_1198038407,35.21092405488553,-101.76708762982965,Cattle,US
osm_way_1299236862,35.23589494051793,-101.91346810394508,Cattle,US
osm_way_1301920940,35.19956526504901,-101.91213285348246,Cattle,US
osm_way_1301920941,35.1997964255024,-101.9110652831559,Cattle,US
osm_way_1301920943,35.197482327710325,-101.91334970292814,Cattle,US
osm_way_1304949987,35.22873825782626,-101.91853757993356,Cattle,US
osm_way_1314598732,35.20445717618495,-101.84191073829028,Cattle,US
osm_way_1318343307,35.18105632698816,-101.92778704751514,Cattle,US
osm_way_1328315032,35.203229500596656,-101.83755120042504,Cattle,US
osm_way_1337948207,35.17953761403356,-101.88279804707224,Cattle,US
osm_way_1367281174,35.1397841714974,-101.87672918607213,Cattle,US
osm_way_1376353749,35.235826133854665,-101.85759954085243,Cattle,US
osm_way_1383958183,35.181421035131464,-101.82009907092532,Cattle,US
osm_way_1396715213,35.22963396700854,-101.80982769315798,Cattle,US
osm_way_1416077311,35.22922437084815,-101.78691363222336,Cattle,US
osm_way_1419927347,35.23486847037441,-101.76320386747707,Cattle,US
osm_way_1419927349,35.235472362092544,-101.7616846600829,Cattle,US
osm_way_1467974580,35.240979480618016,-101.8040132410159,Cattle,US
osm_way_1053219035,-23.3656865002514,150.49982836672012,Cattle,AU
osm_way_1053219036,-23.36580855,150.49999565000002,Cattle,AU
osm_way_1053219037,-23.365896358276363,150.50012036729268,Cattle,AU
osm_way_1061951511,-23.66187816813618,150.37625600466663,Cattle,AU
osm_way_1214356805,-23.46233950979025,150.5392611343026,Cattle,AU
osm_way_1214356806,-23.46164333905583,150.54051569223395,Cattle,AU
osm_way_1214356807,-23.460175634611243,150.5397039396568,Cattle,AU
osm_way_1214356808,-23.459334839314504,150.5409308905293,Cattle,AU
osm_way_1215013195,-23.48749643439604,150.4993322012325,Cattle,AU
osm_relation_19624458,-38.63888461937157,-64.67736231492344,Cattle,AR
osm_way_340122565,-36.05759325567406,-63.5856097183801,Cattle,AR
osm_way_987789903,-37.65986273260078,-67.74955528291399,Cattle,AR
osm_way_987789904,-37.66018791616043,-67.74913477376143,Cattle,AR
osm_way_987789907,-37.66006332426477,-67.74997940774409,Cattle,AR
osm_way_987789908,-37.66044953495746,-67.74939727291789,Cattle,AR
osm_way_987789909,-37.66050739516722,-67.74967098812249,Cattle,AR
osm_way_987789910,-37.65974234856444,-67.74997460980165,Cattle,AR
osm_way_987789911,-37.660668852936695,-67.74895590808507,Cattle,AR
osm_way_1268486069,-36.57664924001119,-64.251946057347,Cattle,AR
osm_way_1369972520,-37.243073297185546,-64.61985048554726,Cattle,AR
osm_way_1370059552,-37.24328756652017,-64.60599087201292,Cattle,AR
osm_way_1431390958,-38.83214582582556,-64.48327441515701,Cattle,AR
osm_way_1459981038,-36.64796450273447,-64.25681581485074,Cattle,AR
osm_way_1459981064,-36.646681359588094,-64.26554397571542,Cattle,AR
osm_way_1459981068,-36.64918583130573,-64.2643358686782,Cattle,AR
osm_way_1462175536,-36.62613647183728,-64.26628711000247,Cattle,AR
osm_way_1462175537,-36.62615318266112,-64.26399939555876,Cattle,AR
osm_way_1462175538,-36.627083964578055,-64.26629557574871,Cattle,AR
osm_way_1462175539,-36.62710525400566,-64.26401688854162,Cattle,AR
osm_way_1462175540,-36.63269445547354,-64.26531055218749,Cattle,AR
osm_way_1462175552,-36.628475354855965,-64.26525004896592,Cattle,AR
osm_way_1462175553,-36.63647910079521,-64.26364370949375,Cattle,AR
osm_way_1462175554,-36.63646101325193,-64.26476277542069,Cattle,AR
osm_way_1462175555,-36.63644705272957,-64.26585242671992,Cattle,AR
osm_way_1462175556,-36.63642548110701,-64.26703553425351,Cattle,AR
osm_way_1463784582,-36.64425567915799,-64.26120566236277,Cattle,AR
osm_way_1471848079,-36.64555958181387,-64.25934122974486,Cattle,AR
osm_way_1471848080,-36.6436630039636,-64.25586024945251,Cattle,AR
osm_way_170991771,9.48276138877578,99.9382502176035,Rubber,TH
osm_way_170991772,9.479257300370728,99.93659481682444,Rubber,TH
osm_way_171490227,9.57000285797355,99.98567969639107,Rubber,TH
osm_way_177184320,9.450425276958429,99.9868698569026,Rubber,TH
osm_way_199362002,9.210688318615828,99.31542853914848,Rubber,TH
osm_way_199362010,9.232084773661075,99.30614018970104,Rubber,TH
osm_way_199362013,9.188127635378176,99.31001238110204,Rubber,TH
osm_way_199362014,9.223894781438286,99.30847078636918,Rubber,TH
osm_way_199362018,9.186453464241533,99.31143101783309,Rubber,TH
osm_way_199362019,9.225357512814163,99.30056537896604,Rubber,TH
osm_way_199362023,9.21490975276358,99.30918163245346,Rubber,TH
osm_way_199362025,9.216520451293167,99.30799801480568,Rubber,TH
osm_way_199362029,9.214266906641187,99.31008301554247,Rubber,TH
osm_way_628743458,9.11863511134259,98.97877803091038,Rubber,TH
osm_way_976037875,8.934500495129086,98.9285961063422,Rubber,TH
osm_way_976066297,9.100779960000422,99.23999950873905,Rubber,TH
osm_way_993368444,8.90224027993135,98.5284598079793,Rubber,TH
osm_way_1091302802,9.15564015296079,99.38086954071736,Rubber,TH
osm_way_1094222697,9.157498028395729,99.37858664031263,Rubber,TH
osm_way_1094222698,9.153747538475296,99.37882239519546,Rubber,TH
osm_way_1147233775,8.89903483900052,98.68790651792324,Rubber,TH
osm_way_1232542134,8.881234934762972,98.87791967821668,Rubber,TH
osm_way_1292068885,9.633223726515473,99.03190031431706,Rubber,TH
osm_way_1292068889,9.63719938393385,99.03063896036508,Rubber,TH
osm_way_1292068894,9.647200891423426,99.01778807147424,Rubber,TH
osm_way_1292068905,9.637885278267111,99.05115210431612,Rubber,TH
osm_way_1368766768,9.693324840726913,100.0583667826446,Rubber,TH
osm_way_1370056198,9.785096921827703,100.03511549545637,Rubber,TH
osm_way_1459244576,9.405319432267936,99.23092907920248,Rubber,TH
osm_way_1459277797,9.40131612490387,99.23053410777668,Rubber,TH
osm_way_1459277798,9.402515206992474,99.23039491345,Rubber,TH
osm_way_1459277799,9.4014963690402,99.23193068559674,Rubber,TH
osm_way_1459277800,9.401850900930937,99.2293280645346,Rubber,TH
osm_way_1459277801,9.39857747757826,99.22982763737448,Rubber,TH
osm_way_1459277803,9.4031555070032,99.22871254334298,Rubber,TH
osm_way_799760040,9.55537030370635,76.56140046853193,Rubber,IN
osm_way_799760042,9.548491840190351,76.56529558927909,Rubber,IN
osm_way_799760044,9.545718263105169,76.56149221995562,Rubber,IN
osm_way_965655197,9.698279316345705,76.5168436530817,Rubber,IN
osm_way_800890216,9.471061951383303,76.5694024594116,Rubber,IN
osm_way_801293098,9.556362407043975,76.73709792108987,Rubber,IN
osm_way_801293099,9.557952927401766,76.73880247907917,Rubber,IN
osm_way_801293105,9.564826639313653,76.73865243785225,Rubber,IN
osm_way_798813588,9.498224640499698,76.6970963649302,Rubber,IN
osm_way_965659437,9.600893997950974,76.55768141402874,Rubber,IN
osm_way_798831338,9.62990880554217,76.55430212848715,Rubber,IN
osm_way_801713044,9.58471462482828,76.76328697060664,Rubber,IN
osm_way_968250979,9.712741788213751,76.5605812529026,Rubber,IN
osm_way_801732687,9.540861908813518,76.72687459523792,Rubber,IN
osm_way_801740786,9.584057521246532,76.70151237533248,Rubber,IN
osm_way_968251253,9.71312023030983,76.56092354290398,Rubber,IN
osm_way_802355527,9.441745070975957,76.56558986124293,Rubber,IN
osm_way_802795377,9.84855569820794,76.49686565123146,Rubber,IN
osm_way_802902323,9.805615014817535,76.4606857798763,Rubber,IN
osm_way_802973422,9.701121114648922,76.43139782963243,Rubber,IN
osm_way_803234940,9.808064109752271,76.45915092384843,Rubber,IN
osm_way_803383459,9.795586336286677,76.45927107875423,Rubber,IN
osm_way_804287954,9.809825660994369,76.45697072831987,Rubber,IN
osm_way_804287955,9.80959925775934,76.45772541934282,Rubber,IN
osm_way_804287956,9.81199815999017,76.4578336031801,Rubber,IN
osm_way_895767312,9.436908726883429,76.57645013354882,Rubber,IN
osm_relation_11086175,9.533944908781407,76.81269567888022,Rubber,IN
osm_relation_12142918,9.475544978268664,76.5191991242514,Rubber,IN
osm_relation_12701728,9.650190909349469,76.57935445532338,Rubber,IN
osm_relation_12914969,9.64592063979346,76.4970675973123,Rubber,IN
osm_relation_12923842,9.62993786913152,76.55428987049319,Rubber,IN
osm_relation_13008282,9.598299632309589,76.48875222142537,Rubber,IN
osm_relation_13329272,9.618661696604736,76.4988886919212,Rubber,IN
osm_relation_13588880,9.471104900945496,76.53382303612076,Rubber,IN
osm_relation_15822115,9.457282643243763,76.50852800814596,Rubber,IN
osm_relation_15988323,9.693830604283754,76.6339243769995,Rubber,IN
osm_way_103977019,9.691324723512937,76.73081487946416,Rubber,IN
osm_way_402325671,9.614240079466995,76.52432707733568,Rubber,IN
osm_way_402949157,9.57976857586681,76.53232743751914,Rubber,IN
osm_way_403043732,9.68015334141591,76.60764466710113,Rubber,IN
osm_way_403043741,9.680349224385264,76.60942790580677,Rubber,IN
osm_way_403043745,9.67934286422816,76.60492546957661,Rubber,IN
osm_way_403244144,9.690501465815784,76.59527518654345,Rubber,IN
osm_way_403244151,9.68517181271774,76.59499766706566,Rubber,IN
osm_way_403244162,9.685607610795062,76.59728627462759,Rubber,IN
osm_way_403244165,9.679621443431374,76.60055603898807,Rubber,IN
osm_way_403244169,9.685629837892868,76.59993221925255,Rubber,IN
osm_way_403246343,9.695510709375416,76.58881092207768,Rubber,IN
osm_way_403246344,9.690483615319096,76.59169766642528,Rubber,IN
osm_way_403246345,9.692833481488377,76.59519503094528,Rubber,IN
osm_way_403246346,9.695980060080457,76.59117513963842,Rubber,IN
osm_way_403262834,9.701854166158125,76.58237449701888,Rubber,IN
osm_way_403262835,9.701405016140566,76.58690982353801,Rubber,IN
osm_way_403262836,9.70247255681604,76.5864864103848,Rubber,IN
osm_way_403262837,9.698625600798607,76.58920480314974,Rubber,IN
osm_way_403262838,9.700584022329368,76.58286701715089,Rubber,IN
osm_way_403262839,9.699750803314895,76.58765624911709,Rubber,IN
osm_way_403684200,9.614219748803118,76.4805404424308,Rubber,IN
osm_way_921922825,9.43967414221293,76.58541431236944,Rubber,IN
osm_way_771811113,9.76418051786498,76.49009569152896,Rubber,IN
osm_way_783824912,9.676581810411244,76.69666505266095,Rubber,IN
osm_way_784121981,9.558355342496682,76.81214076371246,Rubber,IN
osm_way_784210198,9.559498984923067,76.59970700076204,Rubber,IN
osm_way_784235186,9.51836601982872,76.84147934550711,Rubber,IN
osm_way_796357627,9.57625460010608,76.62329808825692,Rubber,IN
osm_way_797614316,9.472805323603676,76.52116223791246,Rubber,IN
osm_way_941854292,9.608366374744469,76.55904434697933,Rubber,IN
osm_way_797879819,9.494025881673346,76.53494445397295,Rubber,IN
osm_way_942058323,9.637426261630564,76.55363414672016,Rubber,IN
osm_way_942089420,9.655669042046792,76.58764898795972,Rubber,IN
osm_way_955262569,9.75619549641838,76.4294443110596,Rubber,IN
osm_way_955691350,9.756106134397246,76.41725011024558,Rubber,IN
osm_way_955691351,9.755332538666805,76.41794643192839,Rubber,IN
osm_way_955691356,9.75478435009183,76.42814411969059,Rubber,IN
osm_way_955691358,9.755527493602465,76.4298332879746,Rubber,IN
osm_way_169780165,9.45896589031045,99.964731616131,Rubber,TH
osm_way_169780166,9.464025792122744,99.95464212201342,Rubber,TH
osm_way_169780168,9.43177961579187,99.94204746666288,Rubber,TH
osm_way_169780169,9.4629144,99.9604682,Rubber,TH
osm_way_169780170,9.463673734868696,99.95689896621408,Rubber,TH
osm_way_403684201,9.610664917084572,76.48079435466566,Rubber,IN
osm_way_403684202,9.614805160418822,76.4787660928254,Rubber,IN
osm_way_403684203,9.610633091650394,76.47973691931423,Rubber,IN
osm_way_403684204,9.614844520765892,76.48213883088815,Rubber,IN
osm_way_404242713,9.602096808050543,76.4886369065583,Rubber,IN
